Publisher,Relationships,Life Span,Publishing,Hugo Brown family tree,BBTI ID,Wikidata ID
John Kilby Green,,1790-1860,1808-1860,https://web.archive.org/web/20230127034619/http://toytheatre.net/FT/JKG-FT-B040.htm,28626,Q112564202
William West,No new works from 1834,1783-1854,1810-1854,https://web.archive.org/web/20230127051130/http://toytheatre.net/FT/William%20West.htm,74457,
Mrs M Hebberd,,,1811-1814,,32657,
JH Jameson,,,1811-1827,,37465,
H Burtenshaw,Partner with IK Green,,1812-1814,,11262,
W Love,,,1812-1824,,43806,
G Slee,Partner with IK Green & G Anderson,,1814-1825,,63556,
G Anderson,Partner with G Slee,,1815-1825,,1189,
Arthur Park,,179?-1863,1815-1835,https://web.archive.org/web/20230127055016/http://www.toytheatre.net/FT/Parks.htm,52313,Q122463750
W Clarke,,,1821-1824,,14239,
J Allen,,,1822-1823,,835,
Hodgson & Co,,,1822-1830,,34181,Q24203977
John Lewis Marks,,179?-1855,1822-1839,,45187,Q97143398
F Edwards,,,1824-1828,,21995,
D Straker,,,1825-1830,,66783,
IJ Dyer,,,1827-1831,,21476,
Robert Lloyd,,,1828-1833,,43302,
James Webb,Uncle of WG Webb & Agent for Redington,180?-188?,1830s,https://web.archive.org/web/20210615044644/http://toytheatre.net/FT/J%20Webb.htm,73933,
Orlando William Henry Hodgson,Survivor of Hodgson & Co,180?-18??,1831-1843,https://web.archive.org/web/20230127053015/http://toytheatre.net/FT/Orlando.htm,34137,
Sarah Stokes,Housekeeper for W West,17??-183?,1832-183?,,66577,Q140489471
Martin Skelt,,1781-1849,1835-1840,https://web.archive.org/web/20230127045710/http://toytheatre.net/FT/Skelts.htm,63316,
Matthew Skelt,Martin Skelt's Son,1810-18??,1835-1841,https://web.archive.org/web/20230127045710/http://toytheatre.net/FT/Skelts.htm,63318,
Archibald Alexander Park,Arthur Park's Brother,1799-185?,1835-1860,https://web.archive.org/web/20230127055016/http://www.toytheatre.net/FT/Parks.htm,52312,
Benjamin Skelt,Martin Skelt's Son,1817-1881,1841-1861,https://web.archive.org/web/20230127045710/http://toytheatre.net/FT/Skelts.htm,63313,
William George Webb,Archibald Park's Apprentice,1821-1890,1842-1890,https://web.archive.org/web/20230127052852/http://toytheatre.net/FT/WGWebb.htm,,Q110603593
John Redington,John Kilby Green's Agent,1819-1876,1850-1876,https://web.archive.org/web/20230127050718/http://toytheatre.net/FT/Redington.htm,57181,Q105632484
Myers & Co,,,1850-1900,,,
Alexander Park,Archibald Park's Son,1840-189?,1860-1880,https://web.archive.org/web/20230127055016/http://www.toytheatre.net/FT/Parks.htm,,
Edmund Skelt,Benjamin Skelt's Son?,1820-1892,1861-1872,https://web.archive.org/web/20230127045710/http://toytheatre.net/FT/Skelts.htm,,
Benjamin Pollock,Redington's son-in-law,1857-1937,1876-1937,https://web.archive.org/web/20230127051750/http://toytheatre.net/FT/Pollock.htm,,Q78230390
A How Mathews,,,1886-1906,,,
Henry James Webb,William George Webb's Son,1852-19??,1890-1933,https://web.archive.org/web/20210615032857/http://toytheatre.net/FT/HJWebb.htm,,
G Wood/Cornetta/Skelt,No relation to the Skelts,1881-1956,1899-1956,,,
Alan Keen,Benjamin Pollock Ltd,1899-1959,1944-1952,,,
Marguerite Fawdry,Pollock's Museum,1912-1995,1955-1995,,,Q118406166
