First name,Last name,Birth,Death,Wikidata ID,Period,Age,Forms of engagement,Winter holidays,Property / management,Purchase,Tinselling or preparing cardboard,Reading play,Stage performance,Author,Title,Publication Year,Publication Type,Periodical Title,Book Title,Place,Publisher,Date,Volume,Issue,Pages,URL,Digital Archive,Other Edition URL
John,Oxenford,1812,1877,Q3182232,1826,“a boy in his early teens” (p. 67),"“the preparation for the performance gave infinitely more pleasure than the performance itself” (p. 67)

“A complete collection of his engravings [West’s] would be an invaluable addition to our knowledge of the aspect of the stage towards the beginning of this century, and more particularly of the condition of pantomime in its most palmy days.” (p. 68)",x,x,,x,,x,"Oxenford, John",The Toy Theatre,1871,article,The Era Almanack,,London,,1871,,,67-68,https://babel.hathitrust.org/cgi/pt?id=uc1.31175003665133&seq=74&view=2up,HathiTrust,
George Henry,Lewes,1817,1878,Q1275943,Marks’s Theatrical Characters [1822-1839],“happy and rebellious boy” (p. 694),“my artistic impulses were gratified by tinselling the theatrical prints sold by Mr. Marks” (p. 694),,,,x,,,Vivian (pseud. George Henry Lewes),German Plays,1853,article,The Leader,,London,,1853-07-16,4,173,694,https://ncse.ac.uk/periodicals/l/issues/vm2-ncseproduct1995/page/22/,Nineteenth-Century Serials Edition (NCSE),https://books.google.ca/books?id=J7gTAAAAQAAJ&pg=PA254
Theo.,Arthur,,,,"1830s, 1840s, 1850s",,"“the present generation knows not that resource from which their parents derived great amusement and, probably, unconscious instruction” (p. 46)",,x,x,x,x,x,"Arthur, Theo.",The Toy Theatre,1891,article,The Era Almanack and Annual,,London,,1891,,,43-46,https://babel.hathitrust.org/cgi/pt?id=uc1.31175032295258&seq=162&q1=%22toy+theatre%22&view=2up,HathiTrust,
Godfrey Wordsworth,Turner,1825,1891,Q89060267,"“Many of West [1811-1854]’s character-sheets were published years before I was born. But others belonged to my time, and I am glad now that I loved them.” (p. 182)",School-boy,“worthy the critical heed of the artist and the amateur” (p. 178),,,x,x,,,"Turner, Godfrey",A Penny Plain: Twopence Coloured,1886,article,"The Theatre: A Monthly Review of the drama, music, and the fine arts",,London,Carson & Comerford,1886-10-01,8,,177-182,https://archive.org/details/theatre8188unse/page/176/mode/2up,Internet Archive,
Edward,Draper,1827,1899,,"1830s: “In those days they were really artistic pictures” (p. 181)
West",,"“Moreover, nearly every boy had a toy-theatre, with its pasteboard characters and scenes, either his own, or joint property of himself and his “partner.”” (p. 181)

“At the Christmas breaking-up it was not at all unusual for the boys to play regular set pieces, with accessories of scenery and costume”
 (p. 180)

“When the long evenings rendered out-door amusements impossible, the toy-theatre was the one absorbing delight of the boys; and very frequently of their fathers.”
 (p. 182)

“Probably many an artist of the present day first conceived a love for art from being taught the use of his colour-box upon characters and scenes” (p. 182)",x,x,x,x,,x,"Draper, Edward",Characters and Scenes,1868,article,The Savage-Club Papers for 1868,,London,Tinsley Bros,1868,2,,178-185,https://archive.org/details/savageclubpapers02savarich/page/178/mode/2up,Internet Archive,
John,Hollingshead,1827,1904,Q6239628,,,tinselling “probably did more to sustain the British Drama than the Lord Chamberlain and all the schools of instruction and criticism in England [...] the play-house advertisements of our youth” (p. 89),,,,x,,,"Hollingshead, John",Chapter IX,1895,chapter,,My lifetime,London,"Lampson Low, Marston",1895,1,,82-89,https://babel.hathitrust.org/cgi/pt?id=hvd.32044024170847&seq=108&view=2up,HathiTrust,
John,Ashton,1834,1911,Q15961732,,,"“if it only kept boys out of mischief and amused them, as it did me, a revival would do good, only now-a-days the scenery and characters must be of a higher style of art, as the modern boy would never stand an imp and demon such as they were portrayed in 1824” (p. 23)",x,x,x,,,x,"Ashton, John",Childhood's Drama,1894,chapter,,Varia,London,Ward & Downey,1894,,,1-23,https://archive.org/details/variaashton00ashtuoft/variaashton00ashtuoft/page/n9/mode/2up,Internet Archive,
Charles Jr.,Dickens,1837,1896,Q4775087,mid-1840s,around 10,,,x,,x,,x,"Dickens, Charles the younger",Glimpses of Charles Dickens,1895,article,The North American Review,,New York,,1895,160,462,525-537,https://babel.hathitrust.org/cgi/pt?id=uc1.b4806424&seq=534&view=2up,HathiTrust,
Ralph,Thomas,1840,1926,,,“since his boyhood” (p. 15),“ardent collector of these sheets of scenes and characters” (p. 15),,,,,,,"Wilson, A. E.",Overture,1932,chapter,,"Penny plain, twopence coloured: a history of the juvenile drama",London; Bombay; Sydney,George G. Harrap & Co. Ltd.,1932,,,13-16,,Nineteenth Century Collections Online (Gale),https://archive.org/details/pennyplaintwopen0000wils
Thomas Forder,Plowman,1844,1919,Q18912421,,“youthful days” (p. 200),"“proud possessor of a toy theatre with its ""penny plain, twopence coloured"" performers” (p. 200)",,x,,,,,"Plowman, Thomas F.",Chapter XVIII,1918,chapter,,In the days of Victoria: some memories of men and things,London,John Lane,1918,,,193-210,https://archive.org/details/indaysofvictoria00plowuoft/,Internet Archive,
Ellen,Terry,1847,1928,Q241966,“when they were known as ‘Redington [1850-1876]’s Theatre.’” (p. [3]),“child” (p. [3]),,,,,,,,"Terry, Ellen",Miss Ellen Terry and the Pollock Theatre,1912,article,The Mask: a quarterly journal of the art of the theatre,,Florence,Arena Goldoni,1912-07,5,1,[3],https://bluemountain.princeton.edu/bluemtn/?a=d&d=bmtnaau191207-01&e=-------en-20--1--txt-txIN--------,Blue Mountain Project: Historic Avant-Garde Periodicals for Digital Research,
Robert Louis,Stevenson,1850,1894,Q1512,Skelt [1835-1872],,"“That shop, which was dark and smelt of Bibles, was a loadstone rock for all that bore the name of boy. They could not pass it by, nor, having entered, leave it.” (p. 227)

“Yes, there was pleasure in the painting. But when all was painted, it is needless to deny it, all was spoiled. You might, indeed, set up a scene or two to look at; but to cut the figures out was simply sacrilege; nor could any child twice court the tedium, the worry, and the long-drawn disenchantment; of an actual performance.” (p. 229)",,,x,x,x,x,"Stevenson, Robert Louis","""A Penny Plain and Twopence Coloured.""",1884,article,The Magazine of Art,,"London, Paris & New York","Cassell and Company, Limited",1884-01,7,,227-232,https://babel.hathitrust.org/cgi/pt?id=gri.ark:/13960/t5fc1kn4v&seq=252&view=2up,HathiTrust,
Frederic,Villiers,1851,1922,Q3087079,1860s,about 10,"“To Mr. Scheldt [Skelt?], the author of these works of art, do I owe probably my first artistic inspirations. Many hours have I spent in coloring his Italian skies with deep cobalt blue at five cents per cake, in putting brilliant scarlet on the jacket of the Red Rover, or tinsel on the jewelled pistols and buttons of Grindoff the miller.” (p. 595)",,,,x,,,"Villiers, Frederic",The story of a war correspondent's life,1891,article,The Cosmopolitan,,New York,The Cosmopolitan Publishing Company,1891-03,10,5,595-613,https://babel.hathitrust.org/cgi/pt?id=uc1.31175008128384&seq=600&view=2up,HathiTrust,
William,Archer,1856,1924,Q1382278,“[Charles] Knight’s Pictorial Shakespeare” [1838-1843],,"“The fact probably is that West’s sheets were not bought solely, nor even chiefly, by managers, or would-be managers, of toy theatres, but found a considerable sale as pictorial records of popular productions, including portraits of favourite performers.” (p. 105)",,x,,x,,x,"Archer, William",The Drama in Pasteboard,1887,article,The Art Journal,,London,J. S. Virtue & Co. Limited,1887-04; 1887-05,50,,105-108; 141-144,https://archive.org/details/mdu-ill-057215/page/n117,Internet Archive,
Frank,Jay,1861,1934,,1870s,youngster,,,,,,,,"Jay, Frank",The Juvenile Theatres,1921,article,Spare Moments and The London Journal,,London,,1921-01-29,,,?,https://peepsintothepast.wordpress.com/about/,"Peeps into the Past: A Detailed 1919 History of Bloods and Journals, compiled by Bill Blackbeard and Justin Gilbert (2001)",
Charles Blake,Cochran,1872,1951,Q5075284,early 1880s,about 9,"“the pleasure of the toy theatre was in anticipation rather than in realization” (p. 8-9)

“We discarded the published ‘sheets’ and the plays specially adapted for the purpose, staging instead dramas concocted by ourselves, with characters and scenery drawn and painted by Beardsley.” (p. 8)",,,x,,,x,"Cochran, Charles B.",Foreword,1932,chapter,,"Penny plain, twopence coloured: a history of the juvenile drama",London; Bombay; Sydney,George G. Harrap & Co. Ltd.,1932,,,7-9,,Nineteenth Century Collections Online (Gale),https://archive.org/details/pennyplaintwopen0000wils
Aubrey,Beardsley,1872,1898,Q272566,late 1880s,about 16,"“We discarded the published ‘sheets’ and the plays specially adapted for the purpose, staging instead dramas concocted by ourselves, with characters and scenery drawn and painted by Beardsley.” (p. 8)",,,,,,,"Cochran, Charles B.",Foreword,1932,chapter,,"Penny plain, twopence coloured: a history of the juvenile drama",London; Bombay; Sydney,George G. Harrap & Co. Ltd.,1932,,,7-9,,Nineteenth Century Collections Online (Gale),https://archive.org/details/pennyplaintwopen0000wils
Gilbert Keith,Chesterton,1874,1936,Q183167,1900s,30s,"“The kind of miniature stage I mean is probably familiar to every one” (p. 149)

“I drew and coloured the figures and scenes myself” (p. 148)",,,,x,,x,"Chesterton, G. K.",The Toy Theatre,1909,chapter,,Tremendous trifles,London,Methuen,1909,,,145-151,https://archive.org/details/tremendoustrifle00chesuoft/page/144/mode/2up,Internet Archive,
Winston,Churchill,1874,1965,Q8016,,“For three or four years of my life” (p. 26),"“I certainly remember visiting Mr Webb of Old Street, E.C. or some other shop of that kind in the neighbourhood and also purchasing from him from time to time some of his plays.” (p. 26)",,,x,,,,"Wilson, A. E.",“Long-drawn Disenchantment”,1932,chapter,,"Penny plain, twopence coloured: a history of the juvenile drama",London; Bombay; Sydney,George G. Harrap & Co. Ltd.,1932,,,17-28,,Nineteenth Century Collections Online (Gale),https://archive.org/details/pennyplaintwopen0000wils
Henry Ernest Francis,Eagle,1883,1957,,Webb’s “quaint old shop” on Old Street,boy,"“purchased many as an eager boy” (p. 352)

“of particular interest to this generation, inasmuch as they illustrate for us some of the fashions, fads and events, during part of the Victorian Era, .... as portrayed on the Stage .... that vivid mirror of the day”. (p. 348)",,,x,,,,"Eagle, H. E. Francis",The Webb Juvenile Drama,1913,article,The Mask: a quarterly journal of the art of the theatre,,Florence,Arena Goldoni,1913-04,5,4,347-352,https://bluemountain.princeton.edu/bluemtn/?a=d&d=bmtnaau191304-01&e=-------en-20--1--txt-txIN--------,Blue Mountain Project: Historic Avant-Garde Periodicals for Digital Research,
Albert Edward,Wilson,1885,1949,Q109607173,1890s,“many years” less than 13 (p. 19),"“first experience of drama in any form” (18)

“I emerged from that dim cellar choked by the fumes of the coloured fire but thrilled to the core, a patron of the drama henceforth and the bond-slave for many years after of the toy theatre.” (19)

“But it was the preparation of the play and not the actual performance that gave one the in tensest pleasure.” (20)",,x,x,x,,x,"Wilson, A. E.",“Long-drawn Disenchantment”,1932,chapter,,"Penny plain, twopence coloured: a history of the juvenile drama",London; Bombay; Sydney,George G. Harrap & Co. Ltd.,1932,,,17-28,,Nineteenth Century Collections Online (Gale),https://archive.org/details/pennyplaintwopen0000wils
