Institution,Named collection,City,Country,URL,Speaight (1946),Baldwin (1992)
British Museum (Print Room),The Ralph Thomas Collection,London,United Kingdom,https://www.britishmuseum.org/collection/term/BIOG168162,"There are also a number of scattered items in the Library, atalogued under the names of publishers.",of early English publishers
Museum of London,The Jonathan King Collection,London,United Kingdom,,,of tinsel pictures and prints
Victoria and Albert Museum (Theatre Museum),The Gabrielle Enthoven Theatre Collection,London,United Kingdom,https://www.vam.ac.uk/articles/gabrielle-enthoven-collector-of-theatre-and-performance,"contains a set of the Pollock plays, etc. A Toy Theatre is also displayed.",
Victoria and Albert Museum (Theatre Museum),The Marcus W. Stone Collection,London,United Kingdom,https://archiveshub.jisc.ac.uk/data/gb71-thm/234,,
Victoria and Albert Museum (Theatre Museum),The Herbert Hinkins Collection,London,United Kingdom,,"Application to examine this should be made to Mr. Herbert Hinkins, First Floor, 45 St. Giles. [Oxford]",
The British Puppet and Model Theatre Guild,,London,United Kingdom,https://www.britishpuppetguild.com/,"A small collection is available, and it is hoped will be on view when permanent London premises are re-opened.
(Temporary address : Wood View, Hadley Highstone, near Barnet).",
Pollock's Toy Museum,,London,United Kingdom,https://www.pollockstoymuseum.co.uk/,,"English, European and American model stages, together with a comprehensive private collection of prints"
The Public Library,The Leslie Bennett Bequest of Nineteenth Century Theatricalia,Birmingham,United Kingdom,,contains a number of early Juvenile Drama sheets.,
The Lanchester Marionette Theatre,,Malvern,United Kingdom,,A Pollock stage and a small collection.,
The Public Library,,Edinburgh,United Kingdom,,"A small collection, principally of Skelt sheets.",
"The Robert Louis Stevenson Birthplace and Museum, Howard Place",,Edinburgh,United Kingdom,,A Pollock stage and a few Skelt sheets are on view.,
The Derby Museum,Frank Bradley Collection,Derby,United Kingdom,https://derbymuseums.org/collection/the-tiny-world-of-toy-theatre/,,of toy theatres and prints
The Derby Museum,Anthony Denning Collection,Derby,United Kingdom,https://derbymuseums.org/collection/the-tiny-world-of-toy-theatre/,,of Trentsensky sheets
Christ Church College Library,F. B. Brady Collection,Oxford,United Kingdom,,,of toy theatre material
National Gallery of Ireland,Yeats Archive,Dublin,Ireland,https://www.nationalgallery.ie/what-we-do/library-and-archives/yeats-archive,,
New York Public Library,,New York,United States,,"A considerable collection of Toy Theatres, Model Circuses, etc. from many countries.",
New York Public Library,The Hiram Stead Collection,New York,United States,https://archives.nypl.org/the/21306,"contains a large number of Juvenile Drama sheets filed under the names of Plays, Actors, etc.",
New York Public Library,The William Appleton Collection,New York,United States,https://archives.nypl.org/the/21600,,
Museum of the City of New York,The Alfred Lunt Collection,New York,United States,,A small display of Toy Stages.,of toy theatres
Columbia University,Brander Matthews Dramatic Museum Collection,New York,United States,https://findingaids.library.columbia.edu/archives/cul-7818783,"A small collection, principally of the later publishers.",Collection of stages and prints
Harvard College Library,The Harvard Theatre Collection,Cambridge,United States,https://library.harvard.edu/collections/harvard-theatre-collection,"A large collection, bound up in fifteen volumes, in which all the publishers are represented. This awaits critical examination, but would appear to challenge comparison with the best collections in England.",contains an international collection of toy theatre prints
Princeton University,William Seymour Theatre Collection,Princeton,United States,https://manuscripts.blogs.princeton.edu/2015/05/12/the-seymour-family-and-american-theater-history/,A small collection of the Pollock plays.,
Museum of New Mexico Museum of International Folk Art,Girard Foundation Collection,Santa Fe,United States,http://collection.internationalfolkart.org/collections/9528,,This contains an international collection of toy theatre prints with particular emphasis on the English Juvenile Drama.
University of Toronto (Rare Book Department),Desmond Seaton-Reid Collection,Toronto,Canada,,,
McGill University,Rosalynde Stearne Puppet Collection,Montréal,Canada,https://archivalcollections.library.mcgill.ca/index.php/toy-theatres,,
Queen's University,Robertson Davies Collection,Kingston,Canada,https://library.queensu.ca/about/featured-collections/robertson-davies-collection,,
Folketeatret,Priors Dukketeatermuseum,Copenhagen,Denmark,,,An international collection of stages and models permanently on display in Prior's Bookshop
,Röhler'sche Papiertheater-Sammlung,Darmstadt,Germany,https://de.wikipedia.org/wiki/Darmst%C3%A4dter_Papiertheatersammlung,,"At the time of writing, this collection was in the process of being transferred from the Deutsches Institut für Puppenspiel, Bochum."
Papiertheatermuseum Hanau,,Hanau,Germany,https://www.museen-hanau.de/ausstellungen/papiertheatermuseum,,
Münchner Stadtmuseum,Sammlung Puppentheater,Munich,Germany,https://www.muenchner-stadtmuseum.de/sammlungen/puppentheater-/-schaustellerei,,A comprehensive collection of toy theatre material is in the Puppet Theatre Collection.
